#{"t_start": 1637939425.8409462, "env_id": "NewHriEnv-v1"}
r,l,t
-4391.934867,200,10.265776
-4619.211448,200,20.506665
-2618.245221,200,30.723716
-4159.975846,200,40.963022
